COMMIT;

-- 회원 설정
SELECT *FROM MEMBER;
INSERT INTO MEMBER (MEMBER_ID, PASSWORD, NAME, EMAIL, ADDR, TEL, PHONE_NUM)
VALUES('hong', '123', '홍길동', 'hong@naver.com', '서울시 강남구', 'SKT', '010-1111-7711');
INSERT INTO MEMBER (MEMBER_ID, PASSWORD, NAME, EMAIL, ADDR, TEL, PHONE_NUM)
VALUES('kim', '123', '김길동', 'kim@gmail.com', '서울시 동작구', 'SKT', '010-8844-1111');
INSERT INTO MEMBER (MEMBER_ID, PASSWORD, NAME, EMAIL, ADDR, TEL, PHONE_NUM)
VALUES('lee', '123', '이길동', 'lee@gmail.com', '서울시 강서구', 'KT', '010-2299-1111');
INSERT INTO MEMBER (MEMBER_ID, PASSWORD, NAME, EMAIL, ADDR, TEL, PHONE_NUM)
VALUES('park', '123', '박길동', 'park@daum.net', '서울시 영등포구', 'SKT', '010-0088-1111');
INSERT INTO MEMBER (MEMBER_ID, PASSWORD, NAME, EMAIL, ADDR, TEL, PHONE_NUM)
VALUES('choi', '123', '최길동', 'choi@naver.com', '서울시 렛잇구', 'SKT', '010-7700-2222');
INSERT INTO MEMBER (MEMBER_ID, PASSWORD, NAME, EMAIL, ADDR, TEL, PHONE_NUM)
VALUES('mtest', '123', '엠길동', 'mtest@naver.com', '서울시 렛잇구', 'SKT', '010-1122-3344');

-- 게임 등록
INSERT INTO GAME (ID, NAME, IMAGE_PATH, GAME_GENRE, DONATION_STATUS, DESCRIPTION)
VALUES(1, '디 엑시트 이터널 매터스 ', 'http://localhost:9000/uniquegames/images/img-game-deexit4.jpg', '액션 어드벤처', 1,'죽음을 넘어선 생명을 느끼다');
INSERT INTO GAME (ID, NAME, IMAGE_PATH, GAME_GENRE, DONATION_STATUS, DESCRIPTION)
VALUES(2, '스트리트 파이터 6 디럭스', 'http://localhost:9000/uniquegames/images/img-game-street2.jpg', '격투', 1,'시리즈 최신작 『Street Fighter 6(스트리트 파이터 6)』');
INSERT INTO GAME (ID, NAME, IMAGE_PATH, GAME_GENRE, DONATION_STATUS, DESCRIPTION)
VALUES(3, '뱀파이어: 마스커레이드', 'http://localhost:9000/uniquegames/images/img-game-vampire2.jpg', '액션 어드벤처', 1,'월드 오브 다크니스에 오신 것을 환영합니다');
INSERT INTO GAME (ID, NAME, IMAGE_PATH, GAME_GENRE, DONATION_STATUS, DESCRIPTION)
VALUES(4, '더 라스트 오브 어스 파트 1', 'http://localhost:9000/uniquegames/images/img-game-last1.jpg', '액션', 1,'살기 위해 오늘도 길을 나선다 탐험 액션');

-- 게임사 등록
DELETE FROM COMPANY WHERE PASSWORD = '123';
SELECT *FROM COMPANY;
INSERT INTO COMPANY (COMPANY_ID, PASSWORD, NAME, EMAIL, ADDR, TEL, PHONE_NUM, G_ID)
VALUES ('test', '123', 'TestGames', 'test@gmail.com', '판교', 'KT', '010-1111-2222', 1);
INSERT INTO COMPANY (COMPANY_ID, PASSWORD, NAME, EMAIL, ADDR, TEL, PHONE_NUM, G_ID)
VALUES ('stest', '123', 'StreetGames', 'sgame@gmail.com', '판교', 'SKT', '010-3333-4444', 2);
INSERT INTO COMPANY (COMPANY_ID, PASSWORD, NAME, EMAIL, ADDR, TEL, PHONE_NUM, G_ID)
VALUES ('dtest', '123', 'DuckGames', 'dgame@gmail.com', '강남', 'KT', '010-5555-6666', 3);
INSERT INTO COMPANY (COMPANY_ID, PASSWORD, NAME, EMAIL, ADDR, TEL, PHONE_NUM, G_ID)
VALUES ('ftest', '123', 'FightingGames', 'fgame@gmail.com', '강남', 'SKT', '010-7777-8888', 4);

-- mtest 장바구니 설정
SELECT *FROM ORDERS;
INSERT INTO ORDERS (ID, M_ID, C_ID, G_ID, AMOUNT, GAMETITLE, GAME_IMG)
VALUES(9871, 'mtest', 'test', 1, 10000, '디 엑시트 이터널 매터스', 'http://localhost:9000/uniquegames/images/img-game-deexit4.jpg');
INSERT INTO ORDERS (ID, M_ID, C_ID, G_ID, AMOUNT, GAMETITLE, GAME_IMG)
VALUES(9872, 'mtest', 'stest', 2, 30000, '스트리트 파이터 6 디럭스', 'http://localhost:9000/uniquegames/images/img-game-street2.jpg');
INSERT INTO ORDERS (ID, M_ID, C_ID, G_ID, AMOUNT, GAMETITLE, GAME_IMG)
VALUES(9873, 'mtest', 'dtest', 3, 50000, '뱀파이어: 마스커레이드', 'http://localhost:9000/uniquegames/images/img-game-vampire2.jpg');
INSERT INTO ORDERS (ID, M_ID, C_ID, G_ID, AMOUNT, GAMETITLE, GAME_IMG)
VALUES(9874, 'mtest', 'ftest', 4, 100000, '더 라스트 오브 어스 파트 1', 'http://localhost:9000/uniquegames/images/img-game-last1.jpg');

-- mtest 결제내역 설정
DELETE FROM ORDERS WHERE ID < 9;
INSERT INTO ORDERS (ID, M_ID, C_ID, G_ID, AMOUNT, GAMETITLE, GAME_IMG, PAYMENT_STATUS, METHOD, ORDER_DATE)
VALUES(1, 'mtest', 'test', 1, 10000, '디 엑시트 이터널 매터스', 'http://localhost:9000/uniquegames/images/img-game-deexit4.jpg', 'COMPLETE', 'KAKAO', '2023-05-06');
INSERT INTO ORDERS (ID, M_ID, C_ID, G_ID, AMOUNT, GAMETITLE, GAME_IMG, PAYMENT_STATUS, METHOD, ORDER_DATE)
VALUES(2, 'mtest', 'stest', 2, 30000, '스트리트 파이터 6 디럭스', 'http://localhost:9000/uniquegames/images/img-game-street2.jpg', 'COMPLETE', 'KAKAO', '2023-02-07');
INSERT INTO ORDERS (ID, M_ID, C_ID, G_ID, AMOUNT, GAMETITLE, GAME_IMG, PAYMENT_STATUS, METHOD, ORDER_DATE)
VALUES(3, 'mtest', 'dtest', 3, 50000, '뱀파이어: 마스커레이드', 'http://localhost:9000/uniquegames/images/img-game-vampire2.jpg', 'COMPLETE', 'KAKAO', '2023-04-15');
INSERT INTO ORDERS (ID, M_ID, C_ID, G_ID, AMOUNT, GAMETITLE, GAME_IMG, PAYMENT_STATUS, METHOD, ORDER_DATE)
VALUES(4, 'mtest', 'ftest', 4, 20000, '더 라스트 오브 어스 파트 1', 'http://localhost:9000/uniquegames/images/img-game-last1.jpg', 'COMPLETE', 'KAKAO', '2023-02-09');
INSERT INTO ORDERS (ID, M_ID, C_ID, G_ID, AMOUNT, GAMETITLE, GAME_IMG, PAYMENT_STATUS, METHOD, ORDER_DATE)
VALUES(5, 'mtest', 'test', 1, 100000, '디 엑시트 이터널 매터스', 'http://localhost:9000/uniquegames/images/img-game-deexit4.jpg', 'COMPLETE', 'KAKAO', '2023-03-24');
INSERT INTO ORDERS (ID, M_ID, C_ID, G_ID, AMOUNT, GAMETITLE, GAME_IMG, PAYMENT_STATUS, METHOD, ORDER_DATE)
VALUES(6, 'mtest', 'dtest', 3, 50000, '뱀파이어: 마스커레이드', 'http://localhost:9000/uniquegames/images/img-game-vampire2.jpg', 'COMPLETE', 'KAKAO', '2023-04-30');
INSERT INTO ORDERS (ID, M_ID, C_ID, G_ID, AMOUNT, GAMETITLE, GAME_IMG, PAYMENT_STATUS, METHOD, ORDER_DATE)
VALUES(7, 'mtest', 'dtest', 3, 50000, '뱀파이어: 마스커레이드', 'http://localhost:9000/uniquegames/images/img-game-vampire2.jpg', 'COMPLETE', 'KAKAO', '2023-06-01');
INSERT INTO ORDERS (ID, M_ID, C_ID, G_ID, AMOUNT, GAMETITLE, GAME_IMG, PAYMENT_STATUS, METHOD, ORDER_DATE)
VALUES(8, 'mtest', 'test', 1, 20000, '디 엑시트 이터널 매터스', 'http://localhost:9000/uniquegames/images/img-game-deexit4.jpg', 'COMPLETE', 'KAKAO', '2023-06-18');


-- test 게임사 후원내역 설정
INSERT INTO ORDERS (ID, M_ID, C_ID, G_ID, AMOUNT, GAMETITLE, GAME_IMG, PAYMENT_STATUS, METHOD, ORDER_DATE)
VALUES(11, 'lee', 'test', 1, 10000, '디 엑시트 이터널 매터스', 'http://localhost:9000/uniquegames/images/img-game-deexit4.jpg', 'COMPLETE', 'KAKAO', '2023-02-06');
INSERT INTO ORDERS (ID, M_ID, C_ID, G_ID, AMOUNT, GAMETITLE, GAME_IMG, PAYMENT_STATUS, METHOD, ORDER_DATE)
VALUES(12, 'hong', 'test', 1, 100000, '디 엑시트 이터널 매터스', 'http://localhost:9000/uniquegames/images/img-game-deexit4.jpg', 'COMPLETE', 'KAKAO', '2023-02-07');
INSERT INTO ORDERS (ID, M_ID, C_ID, G_ID, AMOUNT, GAMETITLE, GAME_IMG, PAYMENT_STATUS, METHOD, ORDER_DATE)
VALUES(13, 'mtest', 'test', 1, 50000, '디 엑시트 이터널 매터스', 'http://localhost:9000/uniquegames/images/img-game-deexit4.jpg', 'COMPLETE', 'KAKAO', '2023-02-07');
INSERT INTO ORDERS (ID, M_ID, C_ID, G_ID, AMOUNT, GAMETITLE, GAME_IMG, PAYMENT_STATUS, METHOD, ORDER_DATE)
VALUES(14, 'kim', 'test', 1, 30000, '디 엑시트 이터널 매터스', 'http://localhost:9000/uniquegames/images/img-game-deexit4.jpg', 'COMPLETE', 'KAKAO', '2023-03-07');
INSERT INTO ORDERS (ID, M_ID, C_ID, G_ID, AMOUNT, GAMETITLE, GAME_IMG, PAYMENT_STATUS, METHOD, ORDER_DATE)
VALUES(15, 'choi', 'test', 1, 20000, '디 엑시트 이터널 매터스', 'http://localhost:9000/uniquegames/images/img-game-deexit4.jpg', 'COMPLETE', 'KAKAO', '2023-03-06');
INSERT INTO ORDERS (ID, M_ID, C_ID, G_ID, AMOUNT, GAMETITLE, GAME_IMG, PAYMENT_STATUS, METHOD, ORDER_DATE)
VALUES(16, 'choi', 'test', 1, 150000, '디 엑시트 이터널 매터스', 'http://localhost:9000/uniquegames/images/img-game-deexit4.jpg', 'COMPLETE', 'KAKAO', '2023-03-07');
INSERT INTO ORDERS (ID, M_ID, C_ID, G_ID, AMOUNT, GAMETITLE, GAME_IMG, PAYMENT_STATUS, METHOD, ORDER_DATE)
VALUES(17, 'park', 'test', 1, 10000, '디 엑시트 이터널 매터스', 'http://localhost:9000/uniquegames/images/img-game-deexit4.jpg', 'COMPLETE', 'KAKAO', '2023-04-07');
INSERT INTO ORDERS (ID, M_ID, C_ID, G_ID, AMOUNT, GAMETITLE, GAME_IMG, PAYMENT_STATUS, METHOD, ORDER_DATE)
VALUES(18, 'kim', 'test', 1, 30000, '디 엑시트 이터널 매터스', 'http://localhost:9000/uniquegames/images/img-game-deexit4.jpg', 'COMPLETE', 'KAKAO', '2023-04-07');
INSERT INTO ORDERS (ID, M_ID, C_ID, G_ID, AMOUNT, GAMETITLE, GAME_IMG, PAYMENT_STATUS, METHOD, ORDER_DATE)
VALUES(19, 'lee', 'test', 1, 100000, '디 엑시트 이터널 매터스', 'http://localhost:9000/uniquegames/images/img-game-deexit4.jpg', 'COMPLETE', 'KAKAO', '2023-04-06');
INSERT INTO ORDERS (ID, M_ID, C_ID, G_ID, AMOUNT, GAMETITLE, GAME_IMG, PAYMENT_STATUS, METHOD, ORDER_DATE)
VALUES(20, 'hong', 'test', 1, 300000, '디 엑시트 이터널 매터스', 'http://localhost:9000/uniquegames/images/img-game-deexit4.jpg', 'COMPLETE', 'KAKAO', '2023-05-07');
INSERT INTO ORDERS (ID, M_ID, C_ID, G_ID, AMOUNT, GAMETITLE, GAME_IMG, PAYMENT_STATUS, METHOD, ORDER_DATE)
VALUES(21, 'hong', 'test', 1, 70000, '디 엑시트 이터널 매터스', 'http://localhost:9000/uniquegames/images/img-game-deexit4.jpg', 'COMPLETE', 'KAKAO', '2023-05-07');
INSERT INTO ORDERS (ID, M_ID, C_ID, G_ID, AMOUNT, GAMETITLE, GAME_IMG, PAYMENT_STATUS, METHOD, ORDER_DATE)
VALUES(22, 'kim', 'test', 1, 20000, '디 엑시트 이터널 매터스', 'http://localhost:9000/uniquegames/images/img-game-deexit4.jpg', 'COMPLETE', 'KAKAO', '2023-05-07');
INSERT INTO ORDERS (ID, M_ID, C_ID, G_ID, AMOUNT, GAMETITLE, GAME_IMG, PAYMENT_STATUS, METHOD, ORDER_DATE)
VALUES(23, 'hong', 'test', 1, 250000, '디 엑시트 이터널 매터스', 'http://localhost:9000/uniquegames/images/img-game-deexit4.jpg', 'COMPLETE', 'KAKAO', '2023-06-07');
INSERT INTO ORDERS (ID, M_ID, C_ID, G_ID, AMOUNT, GAMETITLE, GAME_IMG, PAYMENT_STATUS, METHOD, ORDER_DATE)
VALUES(24, 'hong', 'test', 1, 10000, '디 엑시트 이터널 매터스', 'http://localhost:9000/uniquegames/images/img-game-deexit4.jpg', 'COMPLETE', 'KAKAO', '2023-06-07');
INSERT INTO ORDERS (ID, M_ID, C_ID, G_ID, AMOUNT, GAMETITLE, GAME_IMG, PAYMENT_STATUS, METHOD, ORDER_DATE)
VALUES(25, 'kim', 'test', 1, 10000, '디 엑시트 이터널 매터스', 'http://localhost:9000/uniquegames/images/img-game-deexit4.jpg', 'COMPLETE', 'KAKAO', '2023-06-07');